"manuscriptID","attitudes","barriers","educational_practices","instructional_effectiveness","interdisciplinary_approach","methods_courses","models","planning_design","program_effectiveness","reflection","self_efficacy","specific_technologies","stem_education","teacher_competencies","teacher_education_curriculum","teacher_educators","teaching_methods","tpack","workshops"
"AKCAOGLU2016","no_attitudes","no_barriers","no_educational_practices","no_instructional_effectiveness","no_interdisciplinary_approach","no_methods_courses","no_models","planning_design","no_program_effectiveness","reflection","no_self_efficacy","no_specific_technologies","no_stem_education","no_teacher_competencies","no_teacher_education_curriculum","no_teacher_educators","teaching_methods","tpack","workshops"
"ASINGCAS2014","attitudes","no_barriers","no_educational_practices","no_instructional_effectiveness","no_interdisciplinary_approach","no_methods_courses","no_models","no_planning_design","no_program_effectiveness","no_reflection","self_efficacy","no_specific_technologies","no_stem_education","teacher_competencies","no_teacher_education_curriculum","no_teacher_educators","no_teaching_methods","no_tpack","no_workshops"
"BAERTSTE2014","attitudes","no_barriers","no_educational_practices","no_instructional_effectiveness","no_interdisciplinary_approach","no_methods_courses","no_models","no_planning_design","no_program_effectiveness","no_reflection","no_self_efficacy","no_specific_technologies","no_stem_education","no_teacher_competencies","no_teacher_education_curriculum","no_teacher_educators","no_teaching_methods","tpack","no_workshops"
"BAKIR2015","no_attitudes","barriers","no_educational_practices","no_instructional_effectiveness","no_interdisciplinary_approach","no_methods_courses","no_models","no_planning_design","no_program_effectiveness","no_reflection","no_self_efficacy","no_specific_technologies","no_stem_education","no_teacher_competencies","no_teacher_education_curriculum","no_teacher_educators","no_teaching_methods","no_tpack","no_workshops"
"BANISTER2013","no_attitudes","no_barriers","no_educational_practices","no_instructional_effectiveness","no_interdisciplinary_approach","no_methods_courses","no_models","no_planning_design","no_program_effectiveness","no_reflection","no_self_efficacy","no_specific_technologies","no_stem_education","no_teacher_competencies","teacher_education_curriculum","no_teacher_educators","no_teaching_methods","no_tpack","no_workshops"
"BESCHORN2016","no_attitudes","no_barriers","no_educational_practices","no_instructional_effectiveness","no_interdisciplinary_approach","no_methods_courses","no_models","planning_design","no_program_effectiveness","reflection","no_self_efficacy","specific_technologies","no_stem_education","no_teacher_competencies","no_teacher_education_curriculum","no_teacher_educators","no_teaching_methods","no_tpack","no_workshops"
"BRENNER2016","no_attitudes","barriers","educational_practices","no_instructional_effectiveness","no_interdisciplinary_approach","no_methods_courses","no_models","no_planning_design","no_program_effectiveness","no_reflection","no_self_efficacy","no_specific_technologies","no_stem_education","no_teacher_competencies","no_teacher_education_curriculum","no_teacher_educators","no_teaching_methods","no_tpack","no_workshops"
"BROWN2013","no_attitudes","no_barriers","no_educational_practices","no_instructional_effectiveness","interdisciplinary_approach","no_methods_courses","no_models","no_planning_design","program_effectiveness","no_reflection","no_self_efficacy","no_specific_technologies","stem_education","teacher_competencies","no_teacher_education_curriculum","no_teacher_educators","no_teaching_methods","tpack","no_workshops"
"BRUCECHI2015","attitudes","no_barriers","no_educational_practices","no_instructional_effectiveness","no_interdisciplinary_approach","no_methods_courses","models","no_planning_design","no_program_effectiveness","no_reflection","no_self_efficacy","specific_technologies","no_stem_education","no_teacher_competencies","no_teacher_education_curriculum","no_teacher_educators","teaching_methods","no_tpack","no_workshops"
"BUSSWETZ2015","attitudes","no_barriers","no_educational_practices","no_instructional_effectiveness","no_interdisciplinary_approach","methods_courses","no_models","no_planning_design","program_effectiveness","no_reflection","no_self_efficacy","no_specific_technologies","no_stem_education","no_teacher_competencies","no_teacher_education_curriculum","no_teacher_educators","teaching_methods","tpack","no_workshops"
"COLLIERF2013","attitudes","no_barriers","no_educational_practices","no_instructional_effectiveness","no_interdisciplinary_approach","no_methods_courses","no_models","no_planning_design","no_program_effectiveness","no_reflection","no_self_efficacy","no_specific_technologies","no_stem_education","no_teacher_competencies","no_teacher_education_curriculum","teacher_educators","no_teaching_methods","no_tpack","no_workshops"
"CYDIS2015","no_attitudes","no_barriers","educational_practices","instructional_effectiveness","no_interdisciplinary_approach","no_methods_courses","no_models","planning_design","no_program_effectiveness","no_reflection","no_self_efficacy","no_specific_technologies","no_stem_education","no_teacher_competencies","no_teacher_education_curriculum","no_teacher_educators","teaching_methods","tpack","no_workshops"
"DOLLEYCA2014","attitudes","no_barriers","no_educational_practices","no_instructional_effectiveness","no_interdisciplinary_approach","no_methods_courses","no_models","no_planning_design","no_program_effectiveness","no_reflection","no_self_efficacy","no_specific_technologies","no_stem_education","no_teacher_competencies","no_teacher_education_curriculum","no_teacher_educators","no_teaching_methods","tpack","no_workshops"
"DONNAMIL2013","attitudes","barriers","no_educational_practices","no_instructional_effectiveness","no_interdisciplinary_approach","no_methods_courses","no_models","no_planning_design","no_program_effectiveness","no_reflection","no_self_efficacy","no_specific_technologies","stem_education","no_teacher_competencies","no_teacher_education_curriculum","no_teacher_educators","no_teaching_methods","no_tpack","no_workshops"
"EDWARDS2013","no_attitudes","no_barriers","no_educational_practices","no_instructional_effectiveness","no_interdisciplinary_approach","no_methods_courses","no_models","planning_design","no_program_effectiveness","no_reflection","no_self_efficacy","no_specific_technologies","no_stem_education","no_teacher_competencies","teacher_education_curriculum","no_teacher_educators","no_teaching_methods","no_tpack","no_workshops"
"FOULGER2013A","attitudes","no_barriers","educational_practices","no_instructional_effectiveness","no_interdisciplinary_approach","no_methods_courses","no_models","no_planning_design","no_program_effectiveness","no_reflection","no_self_efficacy","specific_technologies","no_stem_education","no_teacher_competencies","teacher_education_curriculum","teacher_educators","no_teaching_methods","no_tpack","no_workshops"
"FOULGER2013B","no_attitudes","no_barriers","no_educational_practices","no_instructional_effectiveness","no_interdisciplinary_approach","no_methods_courses","no_models","no_planning_design","no_program_effectiveness","no_reflection","no_self_efficacy","no_specific_technologies","no_stem_education","no_teacher_competencies","no_teacher_education_curriculum","no_teacher_educators","teaching_methods","tpack","no_workshops"
"FOULGERB2015","no_attitudes","no_barriers","educational_practices","no_instructional_effectiveness","no_interdisciplinary_approach","methods_courses","models","no_planning_design","no_program_effectiveness","no_reflection","no_self_efficacy","no_specific_technologies","no_stem_education","no_teacher_competencies","no_teacher_education_curriculum","teacher_educators","no_teaching_methods","tpack","no_workshops"
"GREENCHA2013","attitudes","no_barriers","no_educational_practices","no_instructional_effectiveness","no_interdisciplinary_approach","methods_courses","no_models","no_planning_design","no_program_effectiveness","no_reflection","no_self_efficacy","no_specific_technologies","no_stem_education","teacher_competencies","no_teacher_education_curriculum","teacher_educators","no_teaching_methods","tpack","workshops"
"HABOWSKI2014","no_attitudes","no_barriers","no_educational_practices","no_instructional_effectiveness","no_interdisciplinary_approach","no_methods_courses","no_models","no_planning_design","no_program_effectiveness","no_reflection","no_self_efficacy","no_specific_technologies","no_stem_education","no_teacher_competencies","no_teacher_education_curriculum","teacher_educators","no_teaching_methods","tpack","no_workshops"
"HOLLAND2014","attitudes","no_barriers","no_educational_practices","no_instructional_effectiveness","no_interdisciplinary_approach","no_methods_courses","models","no_planning_design","no_program_effectiveness","no_reflection","no_self_efficacy","no_specific_technologies","no_stem_education","no_teacher_competencies","no_teacher_education_curriculum","no_teacher_educators","no_teaching_methods","tpack","no_workshops"
"HOLLAND2016","no_attitudes","no_barriers","no_educational_practices","no_instructional_effectiveness","no_interdisciplinary_approach","no_methods_courses","models","no_planning_design","no_program_effectiveness","no_reflection","no_self_efficacy","no_specific_technologies","no_stem_education","no_teacher_competencies","no_teacher_education_curriculum","no_teacher_educators","no_teaching_methods","tpack","no_workshops"
"HSU2013","attitudes","no_barriers","no_educational_practices","no_instructional_effectiveness","no_interdisciplinary_approach","no_methods_courses","no_models","no_planning_design","no_program_effectiveness","no_reflection","no_self_efficacy","no_specific_technologies","no_stem_education","no_teacher_competencies","no_teacher_education_curriculum","no_teacher_educators","no_teaching_methods","no_tpack","no_workshops"
"HUGHES2013","attitudes","no_barriers","no_educational_practices","no_instructional_effectiveness","no_interdisciplinary_approach","no_methods_courses","no_models","no_planning_design","no_program_effectiveness","no_reflection","self_efficacy","no_specific_technologies","no_stem_education","no_teacher_competencies","no_teacher_education_curriculum","no_teacher_educators","no_teaching_methods","tpack","no_workshops"
"HUTCHISO2016","no_attitudes","no_barriers","no_educational_practices","no_instructional_effectiveness","no_interdisciplinary_approach","no_methods_courses","no_models","planning_design","no_program_effectiveness","no_reflection","no_self_efficacy","specific_technologies","no_stem_education","no_teacher_competencies","no_teacher_education_curriculum","no_teacher_educators","no_teaching_methods","tpack","no_workshops"
"KALE2014","no_attitudes","no_barriers","no_educational_practices","no_instructional_effectiveness","no_interdisciplinary_approach","no_methods_courses","no_models","no_planning_design","no_program_effectiveness","no_reflection","no_self_efficacy","no_specific_technologies","no_stem_education","no_teacher_competencies","no_teacher_education_curriculum","no_teacher_educators","teaching_methods","tpack","no_workshops"
"KINGLANC2013","no_attitudes","no_barriers","no_educational_practices","no_instructional_effectiveness","no_interdisciplinary_approach","no_methods_courses","no_models","planning_design","no_program_effectiveness","reflection","no_self_efficacy","no_specific_technologies","stem_education","no_teacher_competencies","no_teacher_education_curriculum","no_teacher_educators","teaching_methods","tpack","no_workshops"
"KOPCHADI2016","attitudes","no_barriers","educational_practices","no_instructional_effectiveness","no_interdisciplinary_approach","no_methods_courses","no_models","no_planning_design","no_program_effectiveness","no_reflection","no_self_efficacy","no_specific_technologies","no_stem_education","no_teacher_competencies","no_teacher_education_curriculum","no_teacher_educators","teaching_methods","no_tpack","no_workshops"
"KOVALIKK2013","attitudes","no_barriers","no_educational_practices","instructional_effectiveness","no_interdisciplinary_approach","no_methods_courses","no_models","no_planning_design","no_program_effectiveness","no_reflection","no_self_efficacy","no_specific_technologies","no_stem_education","no_teacher_competencies","no_teacher_education_curriculum","no_teacher_educators","no_teaching_methods","no_tpack","no_workshops"
"LEEKIM2014A","no_attitudes","no_barriers","no_educational_practices","no_instructional_effectiveness","interdisciplinary_approach","no_methods_courses","models","planning_design","no_program_effectiveness","no_reflection","no_self_efficacy","no_specific_technologies","no_stem_education","no_teacher_competencies","no_teacher_education_curriculum","no_teacher_educators","no_teaching_methods","tpack","no_workshops"
"LEEKIM2014B","attitudes","no_barriers","no_educational_practices","no_instructional_effectiveness","no_interdisciplinary_approach","no_methods_courses","models","planning_design","no_program_effectiveness","no_reflection","no_self_efficacy","no_specific_technologies","no_stem_education","no_teacher_competencies","no_teacher_education_curriculum","no_teacher_educators","no_teaching_methods","tpack","no_workshops"
"LEWIS2015","attitudes","no_barriers","no_educational_practices","no_instructional_effectiveness","no_interdisciplinary_approach","no_methods_courses","no_models","planning_design","no_program_effectiveness","no_reflection","no_self_efficacy","no_specific_technologies","no_stem_education","no_teacher_competencies","teacher_education_curriculum","no_teacher_educators","no_teaching_methods","no_tpack","no_workshops"
"LYUBLINS2014","no_attitudes","no_barriers","no_educational_practices","no_instructional_effectiveness","no_interdisciplinary_approach","no_methods_courses","no_models","planning_design","no_program_effectiveness","no_reflection","no_self_efficacy","no_specific_technologies","stem_education","no_teacher_competencies","no_teacher_education_curriculum","no_teacher_educators","no_teaching_methods","tpack","no_workshops"
"MADERICK2015","attitudes","no_barriers","no_educational_practices","no_instructional_effectiveness","no_interdisciplinary_approach","no_methods_courses","no_models","no_planning_design","no_program_effectiveness","no_reflection","no_self_efficacy","no_specific_technologies","no_stem_education","no_teacher_competencies","no_teacher_education_curriculum","no_teacher_educators","no_teaching_methods","tpack","no_workshops"
"MAENGMUL2013","no_attitudes","no_barriers","no_educational_practices","no_instructional_effectiveness","no_interdisciplinary_approach","no_methods_courses","no_models","planning_design","no_program_effectiveness","reflection","no_self_efficacy","no_specific_technologies","stem_education","no_teacher_competencies","no_teacher_education_curriculum","no_teacher_educators","teaching_methods","tpack","no_workshops"
"MOURLAMM2015","attitudes","no_barriers","no_educational_practices","no_instructional_effectiveness","no_interdisciplinary_approach","no_methods_courses","no_models","no_planning_design","no_program_effectiveness","no_reflection","no_self_efficacy","specific_technologies","no_stem_education","no_teacher_competencies","no_teacher_education_curriculum","no_teacher_educators","teaching_methods","no_tpack","no_workshops"
"MOUZAKAR2013","no_attitudes","no_barriers","no_educational_practices","instructional_effectiveness","no_interdisciplinary_approach","no_methods_courses","no_models","planning_design","no_program_effectiveness","no_reflection","no_self_efficacy","no_specific_technologies","no_stem_education","no_teacher_competencies","no_teacher_education_curriculum","no_teacher_educators","teaching_methods","tpack","no_workshops"
"NIESSGIL2013","no_attitudes","no_barriers","no_educational_practices","no_instructional_effectiveness","interdisciplinary_approach","no_methods_courses","no_models","no_planning_design","no_program_effectiveness","no_reflection","no_self_efficacy","no_specific_technologies","stem_education","no_teacher_competencies","no_teacher_education_curriculum","no_teacher_educators","no_teaching_methods","tpack","no_workshops"
"NUSSLIOH2014","attitudes","no_barriers","no_educational_practices","no_instructional_effectiveness","no_interdisciplinary_approach","no_methods_courses","no_models","no_planning_design","no_program_effectiveness","no_reflection","no_self_efficacy","no_specific_technologies","no_stem_education","no_teacher_competencies","no_teacher_education_curriculum","no_teacher_educators","no_teaching_methods","no_tpack","workshops"
"ORTEGA2013","attitudes","no_barriers","no_educational_practices","no_instructional_effectiveness","no_interdisciplinary_approach","no_methods_courses","no_models","no_planning_design","no_program_effectiveness","reflection","no_self_efficacy","specific_technologies","no_stem_education","no_teacher_competencies","no_teacher_education_curriculum","no_teacher_educators","teaching_methods","no_tpack","no_workshops"
"PILGRIMB2014","no_attitudes","no_barriers","no_educational_practices","no_instructional_effectiveness","no_interdisciplinary_approach","no_methods_courses","no_models","no_planning_design","no_program_effectiveness","no_reflection","no_self_efficacy","specific_technologies","no_stem_education","no_teacher_competencies","no_teacher_education_curriculum","no_teacher_educators","no_teaching_methods","tpack","no_workshops"
"PITTSBAN2013","no_attitudes","no_barriers","no_educational_practices","no_instructional_effectiveness","no_interdisciplinary_approach","no_methods_courses","no_models","no_planning_design","no_program_effectiveness","no_reflection","no_self_efficacy","specific_technologies","stem_education","no_teacher_competencies","no_teacher_education_curriculum","no_teacher_educators","teaching_methods","tpack","no_workshops"
"POLLY2015","no_attitudes","barriers","no_educational_practices","no_instructional_effectiveness","no_interdisciplinary_approach","no_methods_courses","no_models","planning_design","no_program_effectiveness","no_reflection","no_self_efficacy","no_specific_technologies","stem_education","teacher_competencies","no_teacher_education_curriculum","no_teacher_educators","no_teaching_methods","tpack","no_workshops"
"POLLYROC2016","no_attitudes","no_barriers","no_educational_practices","no_instructional_effectiveness","interdisciplinary_approach","no_methods_courses","no_models","planning_design","no_program_effectiveness","no_reflection","no_self_efficacy","specific_technologies","no_stem_education","teacher_competencies","no_teacher_education_curriculum","no_teacher_educators","no_teaching_methods","no_tpack","no_workshops"
"RAYPOWEL2014","attitudes","no_barriers","no_educational_practices","no_instructional_effectiveness","no_interdisciplinary_approach","no_methods_courses","no_models","no_planning_design","no_program_effectiveness","no_reflection","no_self_efficacy","no_specific_technologies","no_stem_education","no_teacher_competencies","no_teacher_education_curriculum","no_teacher_educators","teaching_methods","no_tpack","no_workshops"
"REHMATBA2014","attitudes","no_barriers","no_educational_practices","no_instructional_effectiveness","no_interdisciplinary_approach","no_methods_courses","no_models","planning_design","no_program_effectiveness","reflection","no_self_efficacy","no_specific_technologies","stem_education","no_teacher_competencies","no_teacher_education_curriculum","no_teacher_educators","no_teaching_methods","no_tpack","no_workshops"
"SCHMIDTF2015","attitudes","no_barriers","no_educational_practices","no_instructional_effectiveness","no_interdisciplinary_approach","methods_courses","no_models","planning_design","no_program_effectiveness","no_reflection","no_self_efficacy","no_specific_technologies","stem_education","no_teacher_competencies","no_teacher_education_curriculum","no_teacher_educators","teaching_methods","no_tpack","no_workshops"
"SHENHANN2013","no_attitudes","no_barriers","no_educational_practices","instructional_effectiveness","no_interdisciplinary_approach","no_methods_courses","no_models","no_planning_design","no_program_effectiveness","no_reflection","no_self_efficacy","no_specific_technologies","no_stem_education","no_teacher_competencies","no_teacher_education_curriculum","no_teacher_educators","teaching_methods","no_tpack","no_workshops"
"SHINASKA2015","no_attitudes","no_barriers","no_educational_practices","no_instructional_effectiveness","no_interdisciplinary_approach","no_methods_courses","no_models","no_planning_design","no_program_effectiveness","no_reflection","no_self_efficacy","no_specific_technologies","no_stem_education","no_teacher_competencies","no_teacher_education_curriculum","no_teacher_educators","no_teaching_methods","tpack","no_workshops"
"TAI2015","attitudes","no_barriers","no_educational_practices","no_instructional_effectiveness","no_interdisciplinary_approach","no_methods_courses","models","no_planning_design","program_effectiveness","reflection","no_self_efficacy","no_specific_technologies","no_stem_education","teacher_competencies","no_teacher_education_curriculum","no_teacher_educators","no_teaching_methods","tpack","workshops"
"TOURNAKI2014","attitudes","no_barriers","no_educational_practices","no_instructional_effectiveness","no_interdisciplinary_approach","no_methods_courses","no_models","no_planning_design","program_effectiveness","no_reflection","no_self_efficacy","no_specific_technologies","stem_education","no_teacher_competencies","no_teacher_education_curriculum","no_teacher_educators","no_teaching_methods","tpack","no_workshops"
"WAKEWHIT2013","attitudes","no_barriers","educational_practices","no_instructional_effectiveness","no_interdisciplinary_approach","no_methods_courses","no_models","no_planning_design","no_program_effectiveness","no_reflection","no_self_efficacy","no_specific_technologies","no_stem_education","no_teacher_competencies","no_teacher_education_curriculum","no_teacher_educators","no_teaching_methods","no_tpack","no_workshops"
"WEBBKAPA2015","attitudes","no_barriers","no_educational_practices","no_instructional_effectiveness","no_interdisciplinary_approach","no_methods_courses","no_models","no_planning_design","no_program_effectiveness","no_reflection","self_efficacy","specific_technologies","no_stem_education","no_teacher_competencies","no_teacher_education_curriculum","no_teacher_educators","no_teaching_methods","no_tpack","no_workshops"
"WETZELBU2014","no_attitudes","barriers","no_educational_practices","no_instructional_effectiveness","no_interdisciplinary_approach","methods_courses","no_models","no_planning_design","no_program_effectiveness","no_reflection","self_efficacy","no_specific_technologies","no_stem_education","no_teacher_competencies","no_teacher_education_curriculum","no_teacher_educators","teaching_methods","tpack","no_workshops"
"WILLIS2015","no_attitudes","no_barriers","no_educational_practices","no_instructional_effectiveness","no_interdisciplinary_approach","no_methods_courses","no_models","no_planning_design","no_program_effectiveness","no_reflection","self_efficacy","no_specific_technologies","no_stem_education","no_teacher_competencies","no_teacher_education_curriculum","no_teacher_educators","no_teaching_methods","no_tpack","no_workshops"
"WYANTJON2015","no_attitudes","barriers","no_educational_practices","no_instructional_effectiveness","no_interdisciplinary_approach","no_methods_courses","no_models","no_planning_design","no_program_effectiveness","no_reflection","no_self_efficacy","no_specific_technologies","no_stem_education","teacher_competencies","no_teacher_education_curriculum","no_teacher_educators","no_teaching_methods","tpack","no_workshops"
